task,lmo_f1,lso_f1,gap
2.1 (Sexism),0.6334738573324723,0.6308462770487908,0.0026275802836814854
2.2 (Intention),0.5386956874233283,0.5199501179849471,0.018745569438381238
2.3 (Categories),0.16434097304511233,0.069475641927433,0.09486533111767934
